<?xml version="1.0" encoding="UTF-8"?>
<DEFECTS>
<OACRDEFECTCOUNT>2</OACRDEFECTCOUNT>
<OACRERRORCOUNT>0</OACRERRORCOUNT>
<DEFECT _seq="1"><SFA><LINE>49</LINE><COLUMN>0</COLUMN><FILENAME>vmulti.c</FILENAME><FILEPATH>s:\users\kim\desktop\vmulti\sys\</FILEPATH></SFA><DEFECTCODE>28172</DEFECTCODE><DESCRIPTION>The function 'VMultiEvtDeviceAdd' has PAGED_CODE or PAGED_CODE_LOCKED but is not declared to be in a paged segment.</DESCRIPTION><FUNCTION>VMultiEvtDeviceAdd</FUNCTION><FUNCLINE>49</FUNCLINE><PATH/></DEFECT>
<DEFECT _seq="2"><SFA><LINE>173</LINE><COLUMN>0</COLUMN><FILENAME>vmulti.c</FILENAME><FILEPATH>s:\users\kim\desktop\vmulti\sys\</FILEPATH></SFA><DEFECTCODE>28172</DEFECTCODE><DESCRIPTION>The function 'VMultiEvtWdmPreprocessMnQueryId' has PAGED_CODE or PAGED_CODE_LOCKED but is not declared to be in a paged segment.</DESCRIPTION><FUNCTION>VMultiEvtWdmPreprocessMnQueryId</FUNCTION><FUNCLINE>173</FUNCLINE><PATH/></DEFECT>
</DEFECTS>
